trassenlaenge_m;waermeliniendichte_mwh_pro_m_a;EXCELTOOL_SAENA_eur_pro_mwh;RECHENKERN_eur_pro_mwh;differenz_eur_pro_mwh;relativer_fehler_prozent
2000;4,6250;130,587;130,090;-0,496;-0,380
2500;3,7000;132,695;132,168;-0,527;-0,397
3000;3,0833;134,804;134,246;-0,559;-0,414
3500;2,6429;136,913;136,323;-0,590;-0,431
4000;2,3125;139,022;138,401;-0,621;-0,447
4500;2,0556;141,131;140,479;-0,652;-0,462
5000;1,8500;143,240;142,557;-0,683;-0,477
5500;1,6818;145,349;144,634;-0,714;-0,492
6000;1,5417;147,458;146,712;-0,746;-0,506
6500;1,4231;149,567;148,790;-0,777;-0,519
7000;1,3214;151,676;150,868;-0,808;-0,533
7500;1,2333;153,784;152,945;-0,839;-0,546
8000;1,1562;155,893;155,023;-0,870;-0,558
8500;1,0882;158,002;157,101;-0,901;-0,571
9000;1,0278;160,111;159,179;-0,933;-0,582
9500;0,9737;162,220;161,256;-0,964;-0,594
10000;0,9250;164,329;163,334;-0,995;-0,605
10500;0,8810;166,438;165,412;-1,026;-0,616
11000;0,8409;168,547;167,489;-1,057;-0,627
11500;0,8043;170,656;169,567;-1,088;-0,638
12000;0,7708;172,765;171,645;-1,120;-0,648
12500;0,7400;174,873;173,723;-1,151;-0,658
13000;0,7115;176,982;175,800;-1,182;-0,668
13500;0,6852;179,091;177,878;-1,213;-0,677
14000;0,6607;181,200;179,956;-1,244;-0,687
