variante;vollbenutzungsstunden;waermeliniendichte_mwh_pro_m_a;trassenkosten_eur_pro_m;EXCELTOOL_SAENA_eur_pro_mwh;RECHENKERN_roh_eur_pro_mwh;abweichung_roh_prozent;RECHENKERN_angeglichen_eur_pro_mwh;abweichung_angeglichen_prozent
A;1500;1,500;500;135,159;142,124;+5,15;134,774;-0,29
A;1500;1,500;1000;161,169;162,437;+0,79;160,399;-0,48
A;1500;1,500;1500;187,179;182,750;-2,37;186,025;-0,62
A;1500;1,500;2000;213,188;203,062;-4,75;211,650;-0,72
A;1500;1,500;2500;239,198;223,375;-6,62;237,275;-0,80
A;1500;1,500;3000;265,208;243,688;-8,11;262,901;-0,87
A;1850;1,850;500;117,936;123,584;+4,79;117,624;-0,27
A;1850;1,850;1000;139,025;140,053;+0,74;138,401;-0,45
A;1850;1,850;1500;160,114;156,523;-2,24;159,179;-0,58
A;1850;1,850;2000;181,203;172,993;-4,53;179,956;-0,69
A;1850;1,850;2500;202,292;189,463;-6,34;200,733;-0,77
A;1850;1,850;3000;223,381;205,932;-7,81;221,511;-0,84
A;2200;2,200;500;106,194;110,942;+4,47;105,931;-0,25
A;2200;2,200;1000;123,928;124,792;+0,70;123,403;-0,42
A;2200;2,200;1500;141,662;138,641;-2,13;140,874;-0,56
A;2200;2,200;2000;159,396;152,491;-4,33;158,346;-0,66
A;2200;2,200;2500;177,129;166,341;-6,09;175,818;-0,74
A;2200;2,200;3000;194,863;180,190;-7,53;193,290;-0,81
B;1500;1,500;500;166,371;172,875;+3,91;165,524;-0,51
B;1500;1,500;1000;192,381;193,187;+0,42;191,150;-0,64
B;1500;1,500;1500;218,390;213,500;-2,24;216,775;-0,74
B;1500;1,500;2000;244,400;233,813;-4,33;242,400;-0,82
B;1500;1,500;2500;270,410;254,125;-6,02;268,026;-0,88
B;1500;1,500;3000;296,420;274,438;-7,42;293,651;-0,93
B;1850;1,850;500;143,243;148,516;+3,68;142,557;-0,48
B;1850;1,850;1000;164,332;164,986;+0,40;163,334;-0,61
B;1850;1,850;1500;185,421;181,456;-2,14;184,111;-0,71
B;1850;1,850;2000;206,510;197,926;-4,16;204,889;-0,79
B;1850;1,850;2500;227,599;214,395;-5,80;225,666;-0,85
B;1850;1,850;3000;248,688;230,865;-7,17;246,443;-0,90
B;2200;2,200;500;127,474;131,909;+3,48;126,897;-0,45
B;2200;2,200;1000;145,208;145,758;+0,38;144,369;-0,58
B;2200;2,200;1500;162,942;159,608;-2,05;161,841;-0,68
B;2200;2,200;2000;180,676;173,457;-4,00;179,312;-0,75
B;2200;2,200;2500;198,410;187,307;-5,60;196,784;-0,82
B;2200;2,200;3000;216,144;201,156;-6,93;214,256;-0,87
